{"PretrainGen Loss": 0.14031171798706055, "_timestamp": 1663158512.9459295, "_runtime": 86324.64945363998, "_step": 42787}